,name,tumor,ratio_cancer_tissue50,ratio_cancer_tissue60,ratio_cancer_tissue70,ratio_cancer_tissue80,ratio_cancer_tissue90,ratio_sum_tissue50,ratio_sum_tissue60,ratio_sum_tissue70,ratio_sum_tissue80,ratio_sum_tissue90,largest_area,eccentricity_largest,extend_largest,area_bbox_largest,major_axis_length_largest,maxprob_largest,minprob_largest,aveprob_largest,aspect_ratio_bbox_largest,solidity_largest,second_largest_area,eccentricity_second_largest,extend_second_largest,area_bbox_second_largest,major_axis_length_second_largest,maxprob_second_largest,minprob_second_largest,aveprob_second_largest,aspect_ratio_bbox_second_largest,solidity_second_largest
0,tumor_001.tif,1,0.013498354251696702,0.011162459106887207,0.009307002532853857,0.007707240571524941,0.005978576167890419,0.004216372385768784,0.0029885424133219004,0.001967630028140476,0.001116787475016359,0.00042880491586961406,29875,0.8053732657625281,0.4358514239028945,68544,300.4115190451245,0.9999164342880249,0.7000420093536377,0.9441426396369934,1.6470588235294117,0.6081424936386769,7830,0.9799865247757035,0.2894853593611358,27048,246.87630151293627,0.9994531273841858,0.7000271081924438,0.9466165900230408,1.251700680272109,0.7393767705382436
1,tumor_002.tif,1,0.01041579402976739,0.006753613653251386,0.004263576186905372,0.0025714268200736795,0.0013117648140542728,0.001995456702449462,0.0011485520329279106,0.0006062689753297461,0.0002693653061547059,7.824019954401743e-05,2900,0.9674552940895826,0.35125968992248063,8256,144.74413061251167,0.9998693466186523,0.7002382278442383,0.9334200024604797,2.015625,0.612201815495039,441,0.8851994643120421,0.5653846153846154,780,39.5062697099501,0.9827750325202942,0.7040576338768005,0.8721414804458618,1.95,0.6966824644549763
2,tumor_003.tif,1,0.009208883072955837,0.008014880295047034,0.0071198843165568996,0.006382793079804449,0.005668982670359478,0.0033949460164429445,0.002536908351303433,0.0017827115583183711,0.00110897952010927,0.0005055091808258802,20725,0.7247089368512074,0.607308210748403,34126,207.037037186687,0.9999912977218628,0.700089693069458,0.9847489595413208,0.668141592920354,0.8319951826575672,5690,0.7891248758582295,0.501940719830628,11336,114.93621497487368,0.9999756813049316,0.7009326815605164,0.9707359671592712,1.0480769230769231,0.7813787421038176
3,tumor_004.tif,1,0.005065257629246285,0.004353329191661632,0.003783763572064916,0.0032393544343616502,0.002577052874694077,0.0017058873014195917,0.001237647095381144,0.0008319222766943433,0.00048070169848632877,0.0001877582188691967,14562,0.6919126706648661,0.2950640298265521,49352,235.60168875138683,0.9999605417251587,0.700202465057373,0.9427862763404846,1.2462311557788945,0.3924538471904056,8086,0.9391423284522312,0.3875946697344454,20862,202.42564921559347,0.9996600151062012,0.7003397345542908,0.9413608312606812,0.7134502923976608,0.6767093480625994
4,tumor_005.tif,1,0.0060669941967180325,0.0052770671974244916,0.004647625622183441,0.004041571370045517,0.003385919863740617,0.002125489161739872,0.0015597315957203315,0.0010647145588241077,0.0006301870481338579,0.00025778580611452996,8301,0.920977710286043,0.49034201665780613,16929,195.4402965249538,0.999864935874939,0.7007495164871216,0.9618535041809082,1.7272727272727273,0.6699217173755145,678,0.6650329710099742,0.4967032967032967,1365,39.49012658019408,0.9931733012199402,0.700765073299408,0.8740891814231873,1.1142857142857143,0.7393675027262814
5,tumor_006.tif,1,0.005157086053207193,0.0035680595754380997,0.0024970828988552323,0.0017722756356370862,0.0012413155362624745,0.0011815801917150377,0.0007510721403496822,0.0004505182796755488,0.0002394678442980223,8.994458352541717e-05,4862,0.9935740437428525,0.16049382716049382,30294,253.1370736302259,0.9993903636932373,0.7003265023231506,0.96131831407547,1.2941176470588236,0.7020938628158845,4282,0.6326920900891887,0.6873194221508828,6230,85.80784172720313,0.9998455047607422,0.7016380429267883,0.9711537957191467,0.7865168539325843,0.9200687580575849
6,tumor_007.tif,1,0.0066564190590553685,0.0045840189638871485,0.0031721909493029926,0.002190239278315971,0.0014195510900124441,0.0014870135309137892,0.0009324767530174492,0.0005490591092818288,0.0002838543154805466,0.00010439136802243102,5692,0.9432988099213316,0.6290893015030946,9048,155.81624618529628,0.9999349117279053,0.701283872127533,0.970711886882782,2.689655172413793,0.772425023748134,3494,0.9539922987418767,0.2926788406768303,11938,145.6870645234003,0.9999600648880005,0.7000972628593445,0.9482151865959167,0.7401574803149606,0.6368939117754283
7,tumor_008.tif,1,0.0026860787852951047,0.00168051410897151,0.0010512567007410498,0.0006410488984027066,0.0003459215049569611,0.0005026436030244605,0.00028823636492026006,0.00015371085080437947,7.068417536356976e-05,2.2035917133615405e-05,1103,0.7062828953780125,0.7372994652406417,1496,45.66729930957049,0.9999675750732422,0.701988935470581,0.9651301503181458,0.7727272727272727,0.8824,641,0.8552383680857776,0.48340874811463047,1326,47.252273948494704,0.99980229139328,0.7014465928077698,0.9193790555000305,1.1470588235294117,0.7098560354374308
8,tumor_009.tif,1,0.35646477481364824,0.33425835268133075,0.30555642879996103,0.2647927883984016,0.19662221739965957,0.13117920065347977,0.09660171693089634,0.06453970394775205,0.03588244361277774,0.012456906709018457,1475263,0.8410313847671428,0.5535104125825193,2665285,2066.272917121445,0.9999185800552368,0.7000002861022949,0.934624195098877,1.4516605166051662,0.7451120524505775,785910,0.6371705127852705,0.4815155876357634,1632159,1401.748589521605,0.9998537302017212,0.7000007033348083,0.8848298192024231,0.88373804267844,0.6230403888978295
9,tumor_010.tif,1,0.0027345651550415213,0.0014993105207409612,0.0008661152828481631,0.0005176333646887225,0.0003137534795799775,0.000451265958767707,0.00024605308433278325,0.00013135898171645475,6.34166442195618e-05,2.2437665398340335e-05,1376,0.9628235226025142,0.42839352428393523,3212,84.10875682802634,0.9999502897262573,0.7001422047615051,0.9480631351470947,1.6590909090909092,0.8079859072225485,366,0.7723988736544267,0.5865384615384616,624,28.24469937687514,0.9997895359992981,0.7020398378372192,0.9469881057739258,1.0833333333333333,0.8693586698337292
10,tumor_011.tif,1,0.18728404222534795,0.17436684974220953,0.15839694985045127,0.13344724008146783,0.08453112091569416,0.06510075477772566,0.047007166342548104,0.030326672526789278,0.015613559571942145,0.004417906524178294,272821,0.7218527783135148,0.49942336418487493,546272,817.681677843295,0.9986127614974976,0.7000031471252441,0.8940674662590027,1.1540697674418605,0.7603600841682808,128338,0.6905356817659407,0.3619457495952936,354578,617.5116432434635,0.9999063014984131,0.7000877261161804,0.9563196897506714,0.978405315614618,0.5730219184076225
11,tumor_012.tif,1,0.005978142058144342,0.004264273618064586,0.0029845115918890972,0.001962717722124381,0.0010803466420105101,0.0013247731106322237,0.0008179073968859284,0.00045804357628844296,0.00021286780074711328,6.205511823651738e-05,3983,0.9723441882538186,0.6014799154334038,6622,159.31506522068543,0.9984380602836609,0.7000932097434998,0.9299324154853821,0.2792207792207792,0.7082147937411095,494,0.8736366325714552,0.3360544217687075,1470,47.650906873050126,0.9857428073883057,0.7000586986541748,0.8209731578826904,1.6333333333333333,0.5352112676056338
12,tumor_013.tif,1,0.022378821115530294,0.017579181368957683,0.014248813644972491,0.011808662909041085,0.009588328729115757,0.006683657350192881,0.004699868437253858,0.0031185073216374276,0.0018207397988958959,0.000748741536444944,27317,0.8431222196960753,0.43363759028494325,62995,306.99642429280954,0.99972003698349,0.700010359287262,0.9701764583587646,0.7337883959044369,0.6419071341291475,6551,0.8789137862821643,0.3824954749810241,17127,171.53128046473333,0.9987726807594299,0.7002254724502563,0.911518394947052,1.7474747474747474,0.5496727638865582
13,tumor_014.tif,1,0.04485457033199767,0.042271655413378045,0.03948322991413219,0.034518233103921964,0.02149471677865635,0.01614213490675674,0.01178930467185,0.007694741291489146,0.0039611025087191104,0.0010493462448099903,198655,0.6471650257509772,0.5260683964387668,377622,613.4551972292395,0.999180018901825,0.7000049352645874,0.8881902694702148,0.8513513513513513,0.7717994343258532,47963,0.9070098431675604,0.4155518974181251,115420,423.5579364724031,0.9998892545700073,0.7000042200088501,0.9441728591918945,0.7286432160804021,0.7524197976311867
14,tumor_015.tif,1,0.01734356614210605,0.015457258084848555,0.013984285287475346,0.012680084151828436,0.011320022702377025,0.0065838084900584435,0.004948407124255651,0.0034787727118898446,0.0021461872145474544,0.0009435009513014029,128476,0.6717329520465964,0.5263684038020321,244080,533.0068719661427,0.9999582767486572,0.7000621557235718,0.9704087376594543,1.1946902654867257,0.6948404542996214,24841,0.9554886064251725,0.3959987246931293,62730,345.3979199468519,0.9999237060546875,0.7000795602798462,0.9821597933769226,1.4926829268292683,0.7888536043188313
15,tumor_016.tif,1,0.1981038031755459,0.19357016950990424,0.18888528123192108,0.18265303670589017,0.16977113421243786,0.0886440305103041,0.06906459650136684,0.04993599018785761,0.03133473415846678,0.013605844304170252,441377,0.9132113522818184,0.501412069960512,880268,1256.0643757566475,0.9999575614929199,0.7000128030776978,0.970348596572876,0.5856443719412724,0.8240764597592989,162583,0.44566630897901527,0.7080647690056442,229616,490.19511268587013,0.9993895292282104,0.70000821352005,0.955450177192688,0.889763779527559,0.937850793449356
16,tumor_017.tif,1,0.0013689322690583433,0.0009053758709590727,0.0005880496971980445,0.0003433446145779677,0.00016664976016925818,0.00026536300530709294,0.00015299601680236532,7.935609774876572e-05,3.361064707906053e-05,8.227670233565926e-06,617,0.7888567777021284,0.5379250217959896,1147,39.39738029139961,0.9916292428970337,0.7015451192855835,0.9074186682701111,1.1935483870967742,0.8107752956636005,309,0.7475874433678728,0.7152777777777778,432,24.47957563172399,0.9951093792915344,0.7008813619613647,0.9152691960334778,1.3333333333333333,0.9142011834319527
17,tumor_018.tif,1,0.0661020267344707,0.06385648853494884,0.061606896746379244,0.057876243626106556,0.04745161365873344,0.027386305647520315,0.020890555873170104,0.014614007210734385,0.008614033896862282,0.0032525838416396376,90935,0.8773380785724068,0.3865528000476097,235246,744.9252495421952,0.9998351335525513,0.7001084089279175,0.9239053130149841,0.5945945945945946,0.5096881953669296,74098,0.9068992504278179,0.6099404036745579,121484,502.0447672000168,0.9997318387031555,0.7000322937965393,0.9490665793418884,1.9282868525896415,0.8184278250880855
18,tumor_019.tif,1,0.013131269767970724,0.009450337288281117,0.006617556626606674,0.004172303608184027,0.001967805038787572,0.0028478986315357583,0.0017286003445507985,0.0009301127004797468,0.00039473197766219306,8.887432802847614e-05,1975,0.8196695184113342,0.37040510127531884,5332,90.12663719232359,0.9996108412742615,0.7000004649162292,0.8789214491844177,0.7209302325581395,0.5019059720457433,1345,0.8823289514356255,0.3788732394366197,3550,75.20453725860399,0.9858048558235168,0.700078547000885,0.8635090589523315,0.704225352112676,0.5414653784219001
19,tumor_020.tif,1,0.2652941408160443,0.24497348600524185,0.22182825134451026,0.1917928928752658,0.1431580858632004,0.0958432824472109,0.0703192407104758,0.04694311912248683,0.026173062455148402,0.009170809045985438,348133,0.889932142317826,0.2948468102225328,1180725,1497.1389897609902,0.999739944934845,0.7000009417533875,0.9100893139839172,0.8051197357555739,0.4554741335887201,295816,0.7431983414989453,0.35076302839864826,843350,1015.9495423731291,0.9997552037239075,0.7000011205673218,0.9160274863243103,0.8267326732673267,0.5198034764150612
20,tumor_021.tif,1,0.017272518669130935,0.015446288249576558,0.013975421556830436,0.012470003080487515,0.01041749950291926,0.006370147502840494,0.004739246267313384,0.003269393792489463,0.001945077850285116,0.0007922623126739497,130552,0.7998400581954564,0.3877997195884128,336648,627.8736874406546,0.9999690055847168,0.7000012397766113,0.9513813257217407,1.357429718875502,0.6340676846563313,1513,0.9701356111731051,0.38636363636363635,3916,100.42247210797201,0.9802191853523254,0.7004616260528564,0.8544862270355225,2.022727272727273,0.6471343028229256
21,tumor_022.tif,1,0.007047039565553152,0.005068215271434862,0.0037680154012361936,0.0028021583198579144,0.001833120807670404,0.001696733824900388,0.0010976713213286151,0.0006611054117608107,0.00033397930269427214,0.00010007184946298861,10980,0.8847428130910563,0.357981220657277,30672,249.92613639552457,0.998390793800354,0.7001012563705444,0.9146652221679688,0.6574074074074074,0.5661544807672476,1150,0.8919846020718799,0.6287588846364134,1829,59.93309180483786,0.9903539419174194,0.7002559304237366,0.8862611651420593,0.5254237288135594,0.8121468926553672
22,tumor_023.tif,1,0.00944970648888635,0.007490402155454502,0.00607127985787536,0.00491876943968657,0.0038625762251786357,0.0028026259845275385,0.0019602556603752854,0.0012850872158516602,0.000737232245383824,0.0002980507090264029,3912,0.9529642279230829,0.37658837119753563,10388,139.056181113477,0.9997076392173767,0.7024334669113159,0.9628664255142212,0.9245283018867925,0.7761904761904762,3297,0.9372506328970908,0.5227524972253053,6307,118.24078456728624,0.99979168176651,0.7002520561218262,0.9622074365615845,0.44537815126050423,0.7320159857904085
23,tumor_024.tif,1,0.002514824242361032,0.0016283923956334902,0.001043650612003981,0.0006271367700891879,0.000333365588288863,0.0004850764174006842,0.00028099820394400363,0.0001494967290267101,6.712616541246555e-05,1.975825538028004e-05,3051,0.9023561949586714,0.42947635135135137,7104,107.56002586788803,0.9993277788162231,0.7002614736557007,0.9257723093032837,0.7708333333333334,0.674850696748507,235,0.7309218283118653,0.5377574370709383,437,22.004530917250104,0.9821992516517639,0.7030513882637024,0.8880240321159363,0.8260869565217391,0.7654723127035831
24,tumor_025.tif,1,0.08466090083585691,0.07725577083262264,0.06929425211814182,0.05931725469994088,0.04347345462333758,0.02972088237808783,0.021624307968600417,0.0142891802933682,0.0078330312724137,0.0026104609612732296,202295,0.9606053320011524,0.25303638660612654,799470,1300.6887427853687,0.9996424913406372,0.7000194787979126,0.9139541983604431,0.8206686930091185,0.49156088410248433,21726,0.6699247563113453,0.355,61200,271.9187980242626,0.998648464679718,0.7000095248222351,0.8924859166145325,1.208888888888889,0.4277950616311582
25,tumor_026.tif,1,0.20497563785862316,0.19205176003723978,0.169887893341792,0.13125625244917125,0.0679605238517235,0.06652390798407264,0.04661868427266912,0.028421164796492086,0.013188790853493901,0.003008273993712553,594840,0.9670973877020055,0.2732233409274638,2177120,2167.242531762559,0.9995156526565552,0.7000033855438232,0.8576186895370483,1.4227970897332256,0.5818820682227477,525782,0.9301788710882359,0.2748798862382827,1912770,1905.6566052623234,0.9988971948623657,0.7000004053115845,0.8475306630134583,1.3216957605985038,0.47763105780096876
26,tumor_027.tif,1,0.009605670965515812,0.006660479606931355,0.004620962889469666,0.003152627861838386,0.0020134440729693195,0.0021357308864145877,0.0013322907706844781,0.0007738711012930823,0.0003885692206692606,0.0001314298913356167,14418,0.6323800177502136,0.34746354982528016,41495,187.28019218458914,0.9997128844261169,0.7000718116760254,0.9383594989776611,1.1139896373056994,0.5674814027630181,819,0.8719520926697656,0.585,1400,50.17259831612788,0.9998766183853149,0.7040313482284546,0.917070746421814,0.56,0.7690140845070422
27,tumor_028.tif,1,0.005997248428568894,0.004569138657854291,0.0034847027949072443,0.0025884551530820504,0.0017150001868008408,0.0015501724258162825,0.0010252561015682748,0.0006245442781044342,0.00032223965226620886,0.00010651265657220977,3958,0.9603863326577479,0.39184239184239184,10101,137.64274582465535,0.9997003078460693,0.7000213861465454,0.9650698900222778,1.2197802197802199,0.804798698657991,1804,0.7949171896302787,0.5857142857142857,3080,64.70629964635613,0.9989662170410156,0.7010905742645264,0.9529555439949036,1.5909090909090908,0.8298068077276909
28,tumor_029.tif,1,0.15842358464189932,0.14216955884846572,0.12473461474406852,0.10380001629504697,0.07339009378347738,0.053203186570159156,0.03817414258657594,0.02481114959760497,0.013342206229793055,0.004352240071552648,510027,0.8062398817350308,0.3406937091898933,1497025,1326.9596720682905,0.9997355341911316,0.700000524520874,0.9118465781211853,1.1030042918454936,0.5210386304151947,6064,0.849285403192254,0.34554675480084335,17549,165.1082316088787,0.9973136782646179,0.7002322673797607,0.8666821718215942,0.6770186335403726,0.49946462400131786
29,tumor_030.tif,1,0.002217368396049182,0.0013103171278401361,0.0007544904490233085,0.0004147106203060286,0.00020201082285669863,0.0003736281164619791,0.0002012902138295964,0.0001003143977843355,4.295342827709014e-05,1.313184413695657e-05,1623,0.8765639824407366,0.6185213414634146,2624,66.54107407563437,0.999627947807312,0.7027432918548584,0.9531000256538391,0.640625,0.9247863247863248,174,0.5919769846132026,0.5686274509803921,306,18.834274908402485,0.9461210370063782,0.7003527283668518,0.799064040184021,1.0588235294117647,0.71900826446281
30,tumor_031.tif,1,0.2723735494445874,0.26430822517396513,0.25612150166007946,0.24574120418337378,0.22377500438140904,0.11907334412535818,0.0922444010669007,0.06621633433439886,0.04108396984244144,0.01741781160868124,424251,0.8667981221631322,0.2902411475803489,1461719,1578.1805351627527,0.9999607801437378,0.7000014185905457,0.9660807251930237,1.1508429458740017,0.4658111353028561,56720,0.7561040182668348,0.3101826533960407,182860,471.89086369538944,0.9999805688858032,0.7000033855438232,0.9475781917572021,0.9192825112107623,0.47160555416978467
31,tumor_032.tif,1,0.007706656932145331,0.005506254532515841,0.003915767915642675,0.002703175706601913,0.001717899290778345,0.0017825133751635416,0.0011288916567581745,0.0006622009125621702,0.0003334014837915107,0.00011389727169213215,11400,0.952316093801283,0.42821726391706105,26622,246.34131518955718,0.9996962547302246,0.7005321979522705,0.9531984925270081,2.5588235294117645,0.6379763836812357,1451,0.8876052345655564,0.4148084619782733,3498,75.97051536268296,0.9968540072441101,0.700779139995575,0.9081329703330994,0.803030303030303,0.6386443661971831
32,tumor_033.tif,1,0.3901173309972653,0.36684319498290435,0.34114115412727775,0.30880844822370035,0.25702750324793294,0.15317139474374564,0.11531263138904434,0.07987968247538522,0.04729495665396773,0.018723318891694294,1029696,0.9117267184953184,0.4170491420832044,2469004,2195.1760343438805,0.9999542236328125,0.7000008225440979,0.9475456476211548,0.473292469352014,0.5739454401343095,781086,0.9211990190815316,0.31234594362876433,2500708,2133.5523499705296,0.999954342842102,0.70000159740448,0.9305922985076904,0.5796822339913337,0.4955374816017865
33,tumor_034.tif,1,0.12931810518278944,0.11784197435354786,0.10864756835976724,0.1001464556813767,0.08973254202035934,0.05125619225860718,0.03892448581448969,0.027608617359133024,0.017167770917273634,0.0076370486294293225,208034,0.8680948376235244,0.38429736799326114,541336,845.6610900356717,0.9999876022338867,0.7000057697296143,0.9636224508285522,0.728538283062645,0.6257790879557213,80031,0.8602633278067765,0.44417249417249416,180180,515.4135273533155,0.9999616146087646,0.7001148462295532,0.9732869863510132,1.6545454545454545,0.644029742648834
34,tumor_035.tif,1,0.004062480861993811,0.002466956543667076,0.0015321212295876278,0.0009416799657046929,0.0005364045405257413,0.0007432520867744219,0.0004239647524223087,0.00022835605747587937,0.00010623323858941412,3.3197770250072106e-05,501,0.9158861558921907,0.6761133603238867,741,41.692890862326145,0.9980582594871521,0.7001715302467346,0.9230464696884155,2.0526315789473686,0.8477157360406091,404,0.900194525579775,0.5459459459459459,740,36.66991964765861,0.9994356036186218,0.7035506367683411,0.9352168440818787,1.85,0.808
35,tumor_036.tif,1,0.03401546762659321,0.030950879000256573,0.02832921467746198,0.025592092952372133,0.021708403022533965,0.012897804163218377,0.009655772574719362,0.006693348557650572,0.003993318924669109,0.0016086481841381592,57496,0.7656305713569531,0.4069360888951801,141290,415.58165867192264,0.9996758699417114,0.700124204158783,0.9343384504318237,0.8919597989949749,0.6214507290394405,50277,0.2396699605211532,0.614693368544601,81792,277.22866149556194,0.999937891960144,0.7002755403518677,0.9782305955886841,1.0140845070422535,0.7894389749870461
36,tumor_037.tif,1,0.02302501446900226,0.02104753979042176,0.01953208817386017,0.018198597238883094,0.016734792106926327,0.009342190173005074,0.0071440168296326234,0.005117866192044791,0.003231204947427073,0.0014811513531761656,47019,0.9416456526745818,0.3528206744405925,133266,517.538827789601,0.9999816417694092,0.7000392079353333,0.9746390581130981,0.530938123752495,0.625743602028187,39465,0.9267099949343318,0.37752905725355146,104535,439.5966706329639,0.9999492168426514,0.700012743473053,0.9782094359397888,0.8782608695652174,0.6428152588200802
37,tumor_038.tif,1,0.14804096106457812,0.1434525954211009,0.13926897192596407,0.13491920129594764,0.12974255887839092,0.06779081574620832,0.05322191714957203,0.039083664591195943,0.025370301860727165,0.012117296345390913,96407,0.7639782729997413,0.7111548788763978,135564,446.91776696952377,0.9999901056289673,0.7000254392623901,0.9899728298187256,1.6573426573426573,0.8982130212797674,11854,0.9024856084051046,0.6049811166683678,19594,194.41727241784807,0.9999642372131348,0.7000520825386047,0.9833781123161316,0.4801980198019802,0.8558226842827232
38,tumor_039.tif,1,0.27266418473403947,0.26874417370761905,0.26462853264131675,0.25906270980210244,0.24845904292449125,0.12683168119195012,0.0997635395995216,0.07308926903465468,0.04688734845155859,0.02142894156784509,705588,0.9304658130616513,0.31922840963999327,2210292,2107.4983408554253,0.9999924898147583,0.7000089287757874,0.9771220088005066,0.8516449410304159,0.5649169103259216,4618,0.40039640341795735,0.5516005733397038,8372,85.58439985664864,0.9996117949485779,0.7003304362297058,0.9450581073760986,0.9891304347826086,0.8356858487151647
39,tumor_040.tif,1,0.02256600475779118,0.01561193487073367,0.010525244543042532,0.006704446288614585,0.003547423450336072,0.004733863021920947,0.002846372723934546,0.0015532376687987174,0.0006989705143872142,0.00018935841249000993,7009,0.9113840138502387,0.34725525168450255,20184,180.85877011889207,0.998396098613739,0.7001879811286926,0.9262559413909912,1.5,0.6378196378196378,2615,0.7360666857632138,0.4930241327300151,5304,78.81043066813024,0.9976715445518494,0.7003375291824341,0.9075745940208435,0.8717948717948718,0.6984508547008547
40,tumor_041.tif,1,0.00863597720407077,0.006600712392858089,0.00512900379798356,0.003966568753457,0.002923548220583289,0.0023475049090402604,0.001591777918573452,0.001008339013571409,0.0005556696118409974,0.00021130486817716657,13052,0.9460393831913363,0.36480518754541896,35778,306.7526691957895,0.9998202919960022,0.700156569480896,0.9578595757484436,0.50187265917603,0.5546725596022268,864,0.7825548527894727,0.5570599613152805,1551,46.31017931483362,0.9946275353431702,0.7002739906311035,0.8915135264396667,1.4242424242424243,0.7146401985111662
41,tumor_042.tif,1,0.06535749921226762,0.06261356475160172,0.06044598781640584,0.05852031036655814,0.05640163848335259,0.029521971066425533,0.023130815167622887,0.016981427978284842,0.01103297024135792,0.005281401046145527,175639,0.7237571761478893,0.5932286969767591,296073,593.0531452373882,0.9999737739562988,0.7001010775566101,0.9887179732322693,1.2281059063136457,0.8691213728672658,270,0.8279059961590466,0.5625,480,26.29630156260997,0.9940869808197021,0.7052820920944214,0.8930286169052124,1.2,0.8307692307692308
42,tumor_043.tif,1,0.0066953584658967094,0.0050158306948841856,0.0037445682129901427,0.002636419571097125,0.001545896196787715,0.0016287042854636407,0.001048920294634388,0.0006142777379401109,0.00029541790564077664,8.474203305358562e-05,1910,0.8953807072658359,0.43418958854285067,4399,82.26999075964373,0.9979776740074158,0.7003530263900757,0.898981511592865,1.5660377358490567,0.6364545151616128,1231,0.8298023795445788,0.34232480533926585,3596,73.37436259061626,0.9933013916015625,0.7009373307228088,0.8752657771110535,0.9354838709677419,0.5260683760683761
43,tumor_044.tif,1,0.3512050501691059,0.32299004640036455,0.29143582081403696,0.25180428839868324,0.19125624154261575,0.1267519041475096,0.09302443720964954,0.062256658701614294,0.03499405075767578,0.012556743512221809,1581582,0.8789939802325106,0.31420431857056863,5033610,2872.065939165511,0.9999685287475586,0.7000014781951904,0.9274319410324097,0.6828729281767956,0.43530334928124315,55572,0.8059403016613605,0.47255102040816327,117600,427.8376286796852,0.9996397495269775,0.7000395059585571,0.9171839356422424,1.3605442176870748,0.5951868393149761
44,tumor_045.tif,1,0.0173969712638163,0.013941553670333826,0.011418561715548592,0.009563163601311412,0.007963717041045348,0.005380489705183055,0.0038237401556406024,0.002562619317091319,0.0015166455007419302,0.0006411417964178957,27552,0.9427222781652972,0.5854653633659158,47060,355.233112249268,0.9998708963394165,0.7003056406974792,0.9708540439605713,0.35911602209944754,0.7824383040354415,27328,0.9423477031698435,0.5855581744161131,46670,352.20808708275945,0.9998413324356079,0.7002434134483337,0.9747381806373596,0.362116991643454,0.7811347720451622
45,tumor_046.tif,1,0.5395903377854657,0.5006423625862473,0.4589104853818917,0.4087679255927405,0.3351517460514289,0.20592775011098274,0.15391247158799043,0.10589188687500077,0.06240481285666529,0.024878182430974494,892143,0.8048296776500826,0.48787534267475796,1828629,1547.2274085908787,0.9999738931655884,0.7000001668930054,0.9459152817726135,1.3155216284987277,0.6844385013199413,805705,0.8450888846120332,0.4629551952708418,1740352,1570.7184853696128,0.9999827146530151,0.7000017762184143,0.9437353014945984,1.3485915492957747,0.675190081965908
46,tumor_047.tif,1,0.190213890792545,0.18732989472924857,0.18332886761374273,0.17382804918474853,0.1403875385812409,0.08020807032821321,0.06132711524819954,0.04277629063590129,0.024834373867467747,0.008753519572089596,465934,0.4460952095988198,0.7208137376237623,646400,823.0885791431651,0.999669075012207,0.700006902217865,0.9282152056694031,1.01,0.9284679503657606,331006,0.862689550855734,0.5406607048062395,612225,950.9978027914422,0.999861478805542,0.7000008821487427,0.9350708723068237,0.7442116868798236,0.889165274293113
47,tumor_048.tif,1,0.006148930548583843,0.004375455099788675,0.003141481951698903,0.0021770193195725755,0.001420103848177026,0.0014320630718300269,0.0009108635543681519,0.0005385579164751117,0.000274324672464261,9.586161593829921e-05,4747,0.9526087471844022,0.4742257742257742,10010,145.63270989988243,0.9996588230133057,0.7001838088035583,0.9578438401222229,0.48951048951048953,0.8245614035087719,2679,0.914217103196314,0.6133241758241759,4368,92.78432473307659,0.9997982382774353,0.7007312774658203,0.9546148777008057,0.5274725274725275,0.9121552604698672
48,tumor_049.tif,1,0.006392076594153904,0.0049161299553016164,0.003830169216959079,0.0030155832827582388,0.0022166890889329387,0.0017433547895287632,0.0011836876363292058,0.0007491478703510335,0.0004090062089461958,0.0001456864161314336,4070,0.7321584063951899,0.4502212389380531,9040,106.82203291631983,0.9990440011024475,0.7000985741615295,0.9338615536689758,0.7079646017699115,0.6498483155037522,1860,0.8910463748189288,0.39473684210526316,4712,79.27112394785793,0.9984495639801025,0.7002136707305908,0.9362378120422363,0.8157894736842105,0.7378024593415311
49,tumor_050.tif,1,0.006647380468451851,0.005505767504302528,0.004607848604749941,0.0038139683250828834,0.0028880870937592605,0.002075794597400222,0.0014715077935138793,0.0009675114616514193,0.0005462881840090142,0.00020857425703772056,13333,0.9382005563385308,0.412250324655247,32342,251.66533106454017,0.9999624490737915,0.7000884413719177,0.9546126127243042,1.3121019108280254,0.6800469244108946,2865,0.7797708946892924,0.5739182692307693,4992,81.5764491719584,0.99769526720047,0.7002652883529663,0.914060115814209,0.8205128205128205,0.7971619365609349
50,tumor_051.tif,1,0.08428964164043297,0.07273696580275131,0.061787377635948076,0.05049754193798784,0.03715975246884298,0.027267900796174912,0.019426506102031137,0.012699030251412308,0.007077117989671827,0.0026636120153278493,110061,0.7721197228894776,0.4519550595018109,243522,529.5554022932466,0.9999703168869019,0.7000089883804321,0.9647126793861389,1.01840490797546,0.6924732129936643,84240,0.8421756804223868,0.46646067975680255,180594,534.9050012554422,0.9999737739562988,0.7000182271003723,0.9676969051361084,0.8037974683544303,0.7333698973595549
51,tumor_052.tif,1,0.033772168980143555,0.030483151949087746,0.028049763640330655,0.026042731738906588,0.023993609344697936,0.013465346482090558,0.010261986218659857,0.007340774189482271,0.004637525760617676,0.00213242112953197,152578,0.8243429780387995,0.6116527428122445,249452,609.1021505864627,0.9999679327011108,0.7000209093093872,0.984155535697937,0.6837748344370861,0.8709088210783474,27949,0.9720326637314791,0.4349632719123506,64256,474.7482339527439,0.999835729598999,0.7001042366027832,0.9535050392150879,3.921875,0.5718231479018762
52,tumor_053.tif,1,0.006181530310544326,0.004028112876740124,0.0024803019371313273,0.0013829521434611497,0.0006785922623753374,0.0011507041946175627,0.000645995731972549,0.00032476459417931416,0.00013580650892219817,3.512796387138496e-05,3234,0.8059343383529761,0.550561797752809,5874,93.91936750486039,0.9982017278671265,0.7000580430030823,0.9316418170928955,1.3484848484848484,0.7602256699576869,448,0.9257886082855701,0.4609053497942387,972,42.45154788661667,0.9865498542785645,0.7000588774681091,0.8722638487815857,0.75,0.7392739273927392
53,tumor_054.tif,1,0.9249154876947855,0.9042886153950066,0.8801342180269868,0.847592974448331,0.788360557194806,0.415476064256576,0.323999427031325,0.2347346292365422,0.1482417741720011,0.0660414888823056,1759267,0.587493640022388,0.39961670784888015,4402386,1907.8456328208806,0.9999788999557495,0.7000018358230591,0.9750655889511108,1.2629887520085699,0.5674355611663336,1751002,0.5900850022712839,0.3846881546941128,4551744,1920.8228367326856,0.9999629259109497,0.7000014185905457,0.9690784811973572,1.2823779193205944,0.554889118956873
54,tumor_055.tif,1,0.2538937874479516,0.2390111203518282,0.22546577374906443,0.21128244238189897,0.19148957694430752,0.10560343772624188,0.08097342197895042,0.05775426425916344,0.03590189405602159,0.015666311961006894,765151,0.32889342825281925,0.5138455732041787,1489068,1248.6648062959089,0.9999703168869019,0.7000148296356201,0.9702712297439575,0.9622186495176849,0.6726974768712465,195691,0.8408060879264825,0.45220335066435585,432750,841.991259259107,0.9998999834060669,0.7000088095664978,0.9524632692337036,1.2998266897746966,0.552804119808925
55,tumor_056.tif,1,0.03950198762026896,0.037386217703291376,0.03515123355064105,0.031941723919284494,0.025262107314076125,0.015373078278397137,0.011528862767448769,0.007897441203290131,0.004528414756194446,0.001620299556906757,72601,0.9643693314305484,0.3531348801011722,205590,733.8181710730162,0.9999465942382812,0.7000051736831665,0.9418497681617737,0.34675324675324676,0.5986773206672769,46228,0.3016819276840679,0.49383085321169523,93611,288.3592914581276,0.9997130036354065,0.7000548839569092,0.9035853743553162,0.9678456591639871,0.6702332796891537
56,tumor_057.tif,1,0.022137812638136457,0.017377351960552512,0.013350620735973902,0.009549619471543461,0.00568608201321998,0.005748460929656205,0.0037782315879363827,0.002242859355832228,0.0010987340389482698,0.00033229074420928497,4530,0.7993765369017514,0.41805094130675524,10836,136.83251007882507,0.9998414516448975,0.7004583477973938,0.9495142102241516,0.6825396825396826,0.5439481268011528,1421,0.9112286992120266,0.24113354827761752,5893,97.90452587510201,0.9975845813751221,0.7000505924224854,0.8705365061759949,1.1690140845070423,0.412122969837587
57,tumor_058.tif,1,0.3477641261682474,0.3403182774202036,0.3315056775491175,0.31846429575987895,0.2876810202139354,0.15164560922257017,0.11723579711369465,0.08362655342026304,0.05106618834964389,0.020451552770051694,722001,0.6868909447006705,0.5945477902122088,1214370,1203.5315825537803,0.9999510049819946,0.7000024318695068,0.954657256603241,1.1446601941747572,0.8300159565173406,465629,0.3359548831291558,0.6162994160344344,755524,874.8971459770548,0.9999010562896729,0.7000058889389038,0.9516432881355286,0.9495515695067265,0.7765582732661114
58,tumor_059.tif,1,0.0015379250217959896,0.000979947689625109,0.0006778552746294681,0.0005056669572798605,0.0003831734960767219,0.0003338999793959786,0.0002119350416720589,0.00013012793756300402,7.200268693040949e-05,2.754501768476358e-05,1094,0.947830855822038,0.36177248677248675,3024,70.29697340833577,0.9989959597587585,0.7027369737625122,0.9414120316505432,1.3125,0.7775408670931059,65,0.5414341847112216,0.6018518518518519,108,10.491828955214244,0.9413591623306274,0.7025351524353027,0.8278041481971741,0.75,0.8552631578947368
59,tumor_060.tif,1,0.0063850660435936235,0.0041725967031439205,0.0027106412449218213,0.0016918308598935475,0.0009276416704843566,0.0012667488585442913,0.0007484596290178134,0.00040863203736242476,0.00019087559288154677,6.191736249299294e-05,1915,0.9462438743949393,0.39895833333333336,4800,93.07983597018757,0.9999164342880249,0.7006935477256775,0.9500530362129211,1.171875,0.7635566188197768,497,0.8936493597577809,0.4848780487804878,1025,40.53169245300351,0.9985502362251282,0.7001469731330872,0.9139485359191895,1.64,0.7802197802197802
60,tumor_061.tif,1,0.03251903712170859,0.026720930824661794,0.02157647048318518,0.01667454814626755,0.011354881246273693,0.009437048363465764,0.006481599095598707,0.004070414706653903,0.002158436701457195,0.000750385181799731,18372,0.9511688743491855,0.4104282554788553,44763,325.20664780518,0.9999217987060547,0.7000406384468079,0.950539231300354,0.37175792507204614,0.6026372761267467,9930,0.9373303390248132,0.4041843047867144,24568,206.87711863014803,0.9998440742492676,0.7005026936531067,0.9636011719703674,0.891566265060241,0.718992107740207
61,tumor_062.tif,1,0.034271588963679524,0.02792758060918669,0.023651959155156343,0.02065196358646442,0.018237934655931085,0.011379315263197543,0.00829312844441884,0.005726740987088645,0.0035181354975841986,0.0015761947902864987,121923,0.6010856431682403,0.6174191784151677,197472,460.6043912133452,0.9998984336853027,0.70000159740448,0.9791544079780579,1.1862745098039216,0.8667429692609548,4316,0.8473121167631485,0.4493492972410203,9605,116.99332938447715,0.9998486042022705,0.7004852890968323,0.937899649143219,1.3294117647058823,0.70042194092827
62,tumor_063.tif,1,0.005704229717820854,0.004042685530505849,0.0028667717110593765,0.001957612600723788,0.001222707177047934,0.0013068792184931148,0.0008244616635748399,0.0004819169063661386,0.00024264679023182418,8.447185936848414e-05,4426,0.9638379220207405,0.26510931416591793,16695,200.59920404337578,0.9999707937240601,0.7006697058677673,0.9710373878479004,1.5142857142857142,0.5327395281656235,1522,0.6253831804417408,0.7039777983348752,2162,50.7043458558092,0.9998067021369934,0.7033001184463501,0.9557024240493774,1.0217391304347827,0.9343155310006138
63,tumor_064.tif,1,0.13583412660126185,0.1315726941557293,0.12782233550116906,0.12383808104546837,0.11789810226233993,0.06166959914243939,0.04830655032930293,0.03533792747968962,0.022748561225522275,0.010630427337446001,104636,0.7422128859775362,0.5285607484189044,197964,492.2331974657525,0.99998939037323,0.7000591158866882,0.986842155456543,0.9038461538461539,0.77996347508479,104516,0.2705630289546894,0.45493562231759654,229738,470.02290152425337,0.999993085861206,0.700005829334259,0.9788011908531189,1.05793991416309,0.6261780230182552
64,tumor_065.tif,1,0.010132307339115163,0.007864624397469981,0.006164176390793869,0.004898161639334098,0.003733109679105897,0.002847654618453338,0.0019534494274079627,0.0012562049135089787,0.0007055531591384365,0.0002738935434753215,6044,0.944330674396379,0.5073023333892899,11914,173.03353402715896,0.9998695850372314,0.7004347443580627,0.9560572504997253,2.175675675675676,0.7247871447415757,901,0.7199411780995937,0.658625730994152,1368,40.93597604210761,0.999454915523529,0.7011950612068176,0.9612839221954346,0.9473684210526315,0.9222108495394064
65,tumor_068.tif,1,0.12108664468915976,0.1120990840807197,0.10352509660881856,0.09360210111449221,0.0775129627646188,0.04641798287489183,0.03476844356146003,0.023984615608279084,0.014107310532710323,0.0054524387402183775,437377,0.5719031652828526,0.5660079716334084,772740,946.1717182439023,0.9999585151672363,0.7000014781951904,0.9471011757850647,1.1777777777777778,0.7397997327514758,129475,0.8858325987274792,0.3820955866078411,338855,718.2157865716616,0.9994962215423584,0.7000144720077515,0.9040378928184509,1.3287128712871288,0.6462892340867343
66,tumor_069.tif,1,0.02959768881115594,0.02275365518601071,0.017648450209261573,0.013367689850286447,0.008861826893053145,0.0078118797213428005,0.005214736759374977,0.0032042831247619716,0.0016570217090225619,0.0005391530319030215,18280,0.9532840145205856,0.35332547306569767,51737,384.3755174049597,0.9996525049209595,0.7000153660774231,0.9172638654708862,0.34190231362467866,0.4919400414435265,11348,0.9565814756340785,0.3802311945049422,29845,255.67883799733661,0.9995074272155762,0.7000750303268433,0.9240660071372986,0.5404255319148936,0.7061605476042315
67,tumor_070.tif,1,0.0031168669620203213,0.0022111018165216685,0.001535567223009257,0.001006376680702629,0.0006240528469275197,0.0006988951812203212,0.0004351221766214594,0.00024973655786709195,0.0001233696266810007,4.277275835172107e-05,1135,0.4250984693403753,0.6788277511961722,1672,40.73892926212575,0.9998664855957031,0.7057060599327087,0.9460554718971252,0.8636363636363636,0.8958168902920284,982,0.8860180431807693,0.5416436845008273,1813,54.1167672179419,0.9987540245056152,0.7042223811149597,0.953827977180481,1.3243243243243243,0.8115702479338843
68,tumor_071.tif,1,0.037672114611993386,0.03477222649395423,0.03254545481378878,0.03085588827957637,0.029502007878024913,0.015986708264734802,0.01237142219896957,0.009009750771494478,0.005844116896758804,0.0028272712128613675,52020,0.8070911501891405,0.6940441882804995,74952,341.42669757634695,0.9999995231628418,0.7000003457069397,0.9929661750793457,0.622478386167147,0.9014348097317529,48067,0.8007098243910237,0.6443988631488632,74592,328.38502275860463,0.9999997615814209,0.7003189921379089,0.9944493770599365,0.6726726726726727,0.8677920202202564
69,tumor_072.tif,1,0.04564404601440438,0.04324904932060172,0.041415685635964095,0.04007052590982327,0.039064349458774975,0.020489795689100455,0.016051562715733277,0.011822578467965703,0.007752364164997818,0.003796669752159471,207491,0.5123419286219055,0.7052815130049355,294196,571.6553890352101,0.9999995231628418,0.7000277638435364,0.9939470291137695,1.0394736842105263,0.8740769136795811,204688,0.5541696467544536,0.6934298161812035,295182,578.1368377589621,0.9999995231628418,0.7001009583473206,0.9943434000015259,1.054820415879017,0.8704016328960517
70,tumor_073.tif,1,0.0146809602708641,0.011598620466087959,0.009571416993840723,0.008221824010373519,0.007249981990418903,0.00467087411401303,0.003367836952930834,0.0023160042089657323,0.0014311562481709018,0.0006583430729874856,32228,0.9392180869394079,0.29873934000741564,107880,398.8504792370113,0.9999970197677612,0.700098991394043,0.9839683175086975,1.282758620689655,0.6053911900065746,347,0.5422427515024485,0.4273399014778325,812,25.376193179668554,0.9969358444213867,0.7005710005760193,0.8833982348442078,1.0357142857142858,0.6912350597609562
71,tumor_074.tif,1,0.02385204292540966,0.01951440074397049,0.0163379295520155,0.014029842065920757,0.012332131964673946,0.007907622012757201,0.005751284739624583,0.003967558518167779,0.0024545248379727433,0.0011420927984947826,40792,0.8849159499715037,0.3819582947086529,106797,386.011297830024,0.9999998807907104,0.7001102566719055,0.9834844470024109,1.261168384879725,0.6958479751629081,1136,0.6276792737303641,0.742483660130719,1530,43.2901532581696,0.9999973773956299,0.702162504196167,0.9757941961288452,0.7555555555555555,0.9319114027891715
72,tumor_075.tif,1,0.07089611968628377,0.06535496734328954,0.06005739108829226,0.0545850754658189,0.04783826221902704,0.028045012952708358,0.021239611166721316,0.014968826817605092,0.009229904145375821,0.004086281317652953,59429,0.9602328013594829,0.38173818088386435,155680,660.7159008871333,0.9999996423721313,0.700026273727417,0.9602647423744202,3.1026785714285716,0.5325370084949281,35888,0.7351444200111437,0.5353860842582647,67032,290.18860498648706,0.9999985694885254,0.7000764012336731,0.9727586507797241,1.2894736842105263,0.6804831339236618
73,tumor_076.tif,1,0.865318290566829,0.8578467543413206,0.8502333458091182,0.8418772820445772,0.830651413663547,0.42099428638977904,0.33483676361305464,0.24942991554810126,0.1648134538153737,0.08114295163978014,5663790,0.32224490385780635,0.7074405167105294,8006030,2888.7159246955302,1.0,0.7000001072883606,0.9963986873626709,1.05480943738657,0.9109078504704763,2619653,0.6607162844324288,0.6146678711372862,4261900,2218.043073712321,0.9999998807907104,0.7000053524971008,0.9932315349578857,1.1150895140664963,0.8104148388669519
74,tumor_077.tif,1,0.07394198202269804,0.05072413236082068,0.031600408871956524,0.016724403353244363,0.00705650589254047,0.01427319460952375,0.008076724681683207,0.0039934354299036605,0.0016149777576706524,0.00047615070173424667,14616,0.5807490052022918,0.5505084745762712,26550,164.85532047556046,0.9999964237213135,0.7001136541366577,0.9811185002326965,1.18,0.786186864611909,14176,0.5905596524084601,0.5196480938416422,27280,161.21065938483022,0.9999969005584717,0.7001739740371704,0.9812139868736267,1.135483870967742,0.7965835019105417
75,tumor_078.tif,1,0.4154065154485205,0.411145231367158,0.4065253133406312,0.4007828212112726,0.3915745950120075,0.19984869964698795,0.15852042017769405,0.11763150972056041,0.077252175564098,0.037584712817053195,1992120,0.9477569981759915,0.33617648607381667,5925816,3510.7500631810412,0.9999997615814209,0.7000030279159546,0.9920724034309387,1.5616016427104722,0.6460777464920286,433954,0.9263062557889212,0.39862029688418577,1088640,1365.1741823654763,0.9999996423721313,0.7000539898872375,0.9916292428970337,0.7374485596707819,0.6963150758566465
76,tumor_079.tif,1,0.023695171820445,0.022685809847779403,0.021847050348029046,0.021100070659657136,0.02012785251653764,0.01064542137920006,0.008328943648923434,0.006102831072454655,0.003955463549593923,0.0018897998826244188,70322,0.8936266047917767,0.6634401298162195,105996,457.4232103510202,0.9999996423721313,0.7000918984413147,0.9897997975349426,0.4524793388429752,0.8308364839319471,23205,0.9353579997053566,0.5765217391304348,40250,311.2646973457543,0.9999980926513672,0.7000484466552734,0.9790099263191223,0.38819875776397517,0.8067095428472102
77,tumor_080.tif,1,0.015406869151318283,0.013003308912343742,0.011075880400438233,0.009479416999047736,0.007978992580619185,0.00517214544727663,0.0037593796870948356,0.0025603583797383232,0.0015348002708899563,0.0006606548385588159,16233,0.9752266950195988,0.3914395948878707,41470,383.1163122538663,0.9999856948852539,0.7008535861968994,0.965194821357727,3.4272727272727272,0.5461427177606567,2186,0.9480490351743978,0.3212815990593768,6804,105.64162913858897,0.9999926090240479,0.7005087733268738,0.9571384787559509,0.9642857142857143,0.6525373134328358
78,tumor_081.tif,1,0.0013517397174212349,0.001030095841520632,0.0008357171182490988,0.0006987051815018291,0.0005859209652769423,0.00040075596487305996,0.0002826310738934511,0.00019009606342858135,0.00011364385865227596,4.929181027155228e-05,2318,0.8968499214417622,0.5714990138067061,4056,91.0512491343533,0.9999909400939941,0.7010772228240967,0.9624838829040527,0.6666666666666666,0.7560339204174821,154,0.8371303653223902,0.5347222222222222,288,20.868802812325523,0.9920699000358582,0.7004779577255249,0.8524539470672607,0.8888888888888888,0.7264150943396226
79,tumor_082.tif,1,0.434939442750145,0.3817856151279151,0.3215022259961346,0.24683925833978823,0.14266415168535077,0.13127088559373762,0.09039528210085204,0.05515625692078997,0.02656641657632504,0.006735630355341041,251123,0.8368777716400216,0.3093409706824341,811800,1135.7637128939646,0.9997408986091614,0.7000008821487427,0.8816654682159424,0.7726829268292683,0.41645674370935937,220714,0.8390272279701492,0.2931467513510857,752913,1115.0397657921192,0.9994452595710754,0.7000000476837158,0.8857052326202393,0.6563958916900093,0.4141597237859341
80,tumor_083.tif,1,0.03113277441873187,0.02732021076137753,0.024356675338243677,0.02185686427469431,0.019105506857207365,0.011474357934255807,0.008563019046572914,0.005984767734848008,0.003675296619851798,0.00162011678575065,100122,0.8715942530590567,0.5069673708302108,197492,540.9215540374676,0.9999977350234985,0.7000699639320374,0.9754692316055298,0.762278978388998,0.7670068027210885,18004,0.7719952834527245,0.3856402347598852,46686,233.2225181587081,0.9999661445617676,0.7000623345375061,0.9402389526367188,1.3494623655913978,0.5639820818845347
81,tumor_084.tif,1,0.05806958536279011,0.04047897506036035,0.025891449067031388,0.014054680194827852,0.004666657362566815,0.011254316593513182,0.006359960831193391,0.0030624104843830686,0.0010877549205240884,0.00017347429435308012,12357,0.9494067004087389,0.29216910200028373,42294,284.9652686644033,0.9942584037780762,0.7000136971473694,0.8512629866600037,0.5977443609022557,0.4851971100989477,9472,0.6586066055340757,0.38939362795477905,24325,158.67814918022293,0.9975981116294861,0.7000231742858887,0.8542163968086243,1.2589928057553956,0.537052786755117
82,tumor_085.tif,1,0.32698124700736253,0.3177289241994253,0.3085400844007539,0.29798552215054375,0.28254276818685825,0.14897734410546296,0.1167447537157108,0.08542659907370656,0.055081802092742535,0.02598147455020147,831642,0.8520076963042345,0.4047687882371837,2054610,1811.5217527931777,0.9999997615814209,0.7000023126602173,0.9787086844444275,1.6675675675675676,0.6262604964497883,774597,0.8993152146844803,0.4421054253725891,1752064,1805.2366240330628,0.9999998807907104,0.7000028491020203,0.9812387824058533,0.5984804208065458,0.6647069777340321
83,tumor_086.tif,1,0.0057059893771033605,0.0038468049040044795,0.002628024607619271,0.001776322564836484,0.001084070508381482,0.0012190929937371195,0.0007487765823036261,0.00042906030193991566,0.0002109969743427349,6.86477328223565e-05,2361,0.7812896935605507,0.5246666666666666,4500,74.91711231279062,0.9999786615371704,0.7004493474960327,0.9551308751106262,0.8,0.8200764154220216,2242,0.6971428484198288,0.3881578947368421,5776,77.30474173801736,0.9999003410339355,0.7007331252098083,0.9433833360671997,1.0,0.6605774896876841
84,tumor_087.tif,1,0.007519531186987282,0.005637981493793015,0.004483628818510251,0.0037551413001233073,0.0031890417582294676,0.0021824910853974707,0.001531341281904398,0.001030222765822396,0.0006216572256922943,0.0002741611443608409,9428,0.8786246680607941,0.5534812727486204,17034,163.75773005791288,0.999998927116394,0.7001033425331116,0.9790461659431458,0.6107784431137725,0.8267274640477026,3014,0.8421568347651259,0.6213151927437641,4851,85.3290499881933,0.9999765157699585,0.7002047300338745,0.9711016416549683,1.2222222222222223,0.917783191230207
85,tumor_088.tif,1,0.09122924065482757,0.08997208569949629,0.08886645949050848,0.087671727925358,0.08585338296923618,0.04379662828683039,0.034738845448993576,0.025796698683784824,0.01696777381622976,0.008282656213292905,230082,0.8482019134648086,0.5932425394107849,387838,779.7950428303983,0.9999977350234985,0.70000821352005,0.9913331270217896,1.1608996539792387,0.8630718157435715,220939,0.8506954654015946,0.5670904335461151,389601,773.4889406218742,0.999998927116394,0.7000111937522888,0.9902425408363342,0.9025875190258752,0.8487273258092026
86,tumor_089.tif,1,0.3936208845247191,0.3772594817581801,0.36075376672909165,0.34163921569528277,0.31323341420720446,0.17081379752246384,0.13227428221033147,0.09536587212271515,0.06020889081770665,0.027329529535267898,2827131,0.9323027717287276,0.3741037210413866,7557078,3882.269191852211,0.9999958276748657,0.7000030875205994,0.9721878170967102,1.5713634290925673,0.6300580598231016,981962,0.7026526057671992,0.4608557794114334,2130736,1560.4722251162193,0.9999970197677612,0.7000004649162292,0.9681150317192078,0.7980416156670747,0.6487095333602869
87,tumor_090.tif,1,0.1794785759614217,0.1712157317556922,0.16466207704969063,0.15855400951774204,0.1508544703999549,0.07993192723292022,0.06241531253069888,0.04563150414789847,0.029470682332820873,0.01397004681411388,749030,0.7723205633035641,0.4786326861720312,1564937,1542.1987488188342,0.9999997615814209,0.7000124454498291,0.9835271835327148,0.9872915011914217,0.667990703796782,2843,0.7933865666359078,0.39985935302391,7110,97.6896818501477,0.9996532201766968,0.7003704905509949,0.923521101474762,1.139240506329114,0.5835385878489326
88,tumor_091.tif,1,0.06899955692243537,0.0671067035029191,0.06530670089658049,0.06330144912427023,0.060291942504170144,0.03155828098936614,0.024755045212339222,0.018135225106717348,0.011701455804285554,0.005505874815138307,65205,0.5731932663387083,0.5578655578655579,116883,341.97202021818157,0.9999949932098389,0.700009822845459,0.9686529040336609,1.054054054054054,0.7638555345992994,47625,0.680104838145951,0.49622297473300336,95975,304.41597665745843,0.9999986886978149,0.700028121471405,0.9865773320198059,0.7879656160458453,0.8069298542866825
89,tumor_092.tif,1,0.00726792404694843,0.005309452193093454,0.00392115673101594,0.0028940967326002032,0.002161698086991256,0.0018420732349736996,0.0012192067591190994,0.0007612603645587465,0.0004231316375061146,0.00017205436601288609,35468,0.9723266855056717,0.1566746178991077,226380,702.6410484379049,0.999992847442627,0.7000696063041687,0.9603013396263123,0.6547619047619048,0.40515409746178976,8660,0.9776224918418533,0.23354908306364616,37080,303.01744015640764,0.9999901056289673,0.7000091075897217,0.9583897590637207,1.1444444444444444,0.5288872602907048
90,tumor_093.tif,1,0.005486587202291653,0.0042312161389484884,0.0033901741385069153,0.0027872563561121143,0.0022609416839805027,0.0016077026627718792,0.001126216390191874,0.0007475706120515533,0.0004403352860252663,0.00018741263580715308,12798,0.9740318736861365,0.2516121421830764,50864,335.5479673188127,0.9999963045120239,0.7000154256820679,0.9679242968559265,0.6089965397923875,0.5955605193354739,403,0.3834578069408407,0.30255255255255253,1332,31.008229104656454,0.9894658327102661,0.7006182074546814,0.8526885509490967,1.0277777777777777,0.4517937219730942
91,tumor_094.tif,1,0.11047951384906615,0.08296045448504213,0.06079453730244529,0.0435453625906078,0.029888618703826614,0.0276752338661495,0.01805274510530524,0.010902960531082714,0.005723446478877467,0.002063309562673354,197535,0.8114060588860429,0.4788727272727273,412500,753.151012909547,0.9999942779541016,0.7000003457069397,0.922431468963623,0.7333333333333333,0.6775385185286814,1477,0.6473658256495829,0.4131468531468531,3575,61.751384637621435,0.9587330222129822,0.7000144720077515,0.8241987228393555,0.8461538461538461,0.5652506697282816
92,tumor_095.tif,1,0.5817322937842624,0.5484243668684528,0.5128442173528481,0.47041974440354584,0.4091347776657315,0.2370378609688815,0.18052647163253724,0.1274309485039113,0.07818119071374083,0.03393820013968934,1428476,0.9163787284065763,0.29769895783815864,4798391,2696.2898644286365,0.9999974966049194,0.7000009417533875,0.9597212076187134,1.1518863302302793,0.5171157884600696,1052601,0.9063478696155786,0.4000611911367869,2631100,2079.7507126527144,0.9999980926513672,0.7000036835670471,0.9631509184837341,1.636435331230284,0.6423386572657245
93,tumor_096.tif,1,0.02698466522889658,0.022370226529715504,0.01874429639351233,0.015816936286856514,0.013096389675790372,0.008766708245004655,0.006307911915659458,0.00425964459000873,0.002536324266214228,0.0010892946272301638,19012,0.7621852495919907,0.4999868507560815,38025,220.59335198590554,0.9999977350234985,0.700252115726471,0.960749089717865,0.7511111111111111,0.6604370028137702,18763,0.2752460982961864,0.4295558608058608,43680,207.88970556092204,0.9999945163726807,0.7000912427902222,0.954708456993103,0.9904761904761905,0.5721473440263463
94,tumor_097.tif,1,0.014470821238235914,0.009704102650332454,0.006422861722704348,0.0041761858397664315,0.002548067419071506,0.0030146285651379942,0.0018217588248691985,0.0010255000473756114,0.0005029419145532341,0.0001699922061213055,5978,0.6907583397405036,0.4986653319986653,11988,124.59822639342683,0.9999719858169556,0.7000043392181396,0.9470133781433105,1.0277777777777777,0.6316568047337278,1386,0.9460661497148913,0.385,3600,83.0061945647293,0.9995602965354919,0.7001089453697205,0.9004697203636169,0.6944444444444444,0.6446511627906977
95,tumor_098.tif,1,0.0031382726746375256,0.0022641234416943675,0.001677038500625549,0.001262435066381087,0.0009595802140228275,0.0007930789332065617,0.0005261630659581074,0.00032983966029386387,0.0001843689958030702,7.411665043075776e-05,1957,0.8055009758386691,0.5824404761904762,3360,68.61607731306573,0.9999158382415771,0.7007703185081482,0.9406858682632446,0.9333333333333333,0.8198575617930457,755,0.803359055305721,0.755,1000,40.55796741957326,0.9999911785125732,0.7001835703849792,0.9662725925445557,1.6,0.94375
96,tumor_099.tif,1,0.014471538870069243,0.01096854066415826,0.008826294604964834,0.007528940332860092,0.006587712110605561,0.004345429769742638,0.00308786380673335,0.0021065212862901917,0.001294058323493455,0.0005890731000239159,34225,0.8461979790741087,0.3346075632552501,102284,372.415254505201,0.9999977350234985,0.700064480304718,0.9783674478530884,1.295373665480427,0.5463586730947287,849,0.6608443917372973,0.42492492492492495,1998,49.492437178604796,0.9999536275863647,0.7000289559364319,0.9587821960449219,0.6851851851851852,0.6388261851015802
97,tumor_100.tif,1,0.00799724303665589,0.006059111066172997,0.004900933308038064,0.004178390717580478,0.0036972481750713916,0.0024254030753096574,0.0017311218878399172,0.0011874999275997633,0.0007364924385145639,0.0003438774694461112,23197,0.7525573706827255,0.6936901913875598,33440,217.84287444901892,0.999996542930603,0.7000212669372559,0.9899521470069885,1.4473684210526316,0.8597531596308513,750,0.704584839810416,0.6334459459459459,1184,37.50378950450407,0.9999845027923584,0.7017277479171753,0.9527736902236938,1.15625,0.8561643835616438
98,tumor_101.tif,1,0.10492561159067715,0.10302457766320411,0.10141050583657588,0.09986540282394897,0.09784025382827312,0.05005807184937787,0.03966376785269989,0.02944308951561719,0.019378605654319665,0.009484663023990205,172125,0.8883283567958539,0.5952916194007138,289144,805.9196843451223,0.9999996423721313,0.7000011801719666,0.9901081323623657,2.0452127659574466,0.7536615802263721,168660,0.8862102633054897,0.6107218510672967,276165,798.6691562224856,0.9999996423721313,0.7002974152565002,0.990554690361023,2.119113573407202,0.750697686839868
99,tumor_102.tif,1,0.047264195323308306,0.04183102521321437,0.03704702971870267,0.03216355092020674,0.026044406583473446,0.01677924236877853,0.012332623658898279,0.00839111372180581,0.00492685341828317,0.0019963940123302187,187499,0.7693028998988787,0.2958237354453946,633820,813.6833895870337,0.9999816417694092,0.7000155448913574,0.9432655572891235,0.7082452431289641,0.4719342359281045,62562,0.7984694424274127,0.2629340416410998,237938,544.6744109548042,0.9999891519546509,0.7000181078910828,0.9223966598510742,1.234624145785877,0.35790208350018876
100,tumor_103.tif,1,0.009396668861277263,0.0063039022044163034,0.004335990212970616,0.0030566956635428486,0.0022027820191351365,0.0020954326928689163,0.0013222728342739225,0.0007972629328081444,0.0004328426859275849,0.0001719958168974656,4996,0.8596052279929254,0.3133074125172457,15946,144.54320592539807,0.9999699592590332,0.7001071572303772,0.9565247893333435,1.1260504201680672,0.6008418520745641,4621,0.7762565918650788,0.35691666023016916,12947,122.11406141020876,0.9999873638153076,0.700302243232727,0.9606407880783081,0.8842975206611571,0.6745985401459854
101,tumor_104.tif,1,0.03149053084130182,0.029414835624359308,0.02789011845871486,0.02679244321647559,0.02598356943148295,0.013791954846007011,0.010752890670533083,0.007890973195131847,0.005160613051570585,0.002522152938447806,229120,0.4158272332111681,0.43726859803809304,523980,652.6965616660991,0.9999994039535522,0.7003509998321533,0.9950472116470337,1.0394366197183098,0.6350015797438043,12379,0.8734623797588547,0.2933968524838832,42192,267.07774402627376,0.9999990463256836,0.7002760767936707,0.9894000291824341,2.0347222222222223,0.4743638871857756
102,tumor_105.tif,1,0.12792250884960035,0.11152505204482879,0.09698094539039266,0.08305325361190671,0.06803290634921985,0.04458172203794617,0.03262575325340663,0.022210805621545312,0.013207971005700519,0.005634034051020208,128711,0.9761552951131544,0.23062519709870702,558096,1154.9792745662874,0.999997615814209,0.7001006007194519,0.9712610244750977,0.6536796536796536,0.5455427835138938,69270,0.7728569232951391,0.417326866885562,165985,470.44181753496974,0.9999407529830933,0.7000080347061157,0.9145410656929016,1.193029490616622,0.5490733841690578
103,tumor_106.tif,1,0.02946244130667474,0.02649242909514281,0.024115983880160972,0.021997721711515917,0.019592700368777197,0.01140336189751657,0.008612037658664414,0.006085192853028802,0.003779817289908989,0.0016931313171952903,133717,0.5602318631461256,0.6516423001949317,205200,482.77989669175025,0.9999960660934448,0.7000024318695068,0.9835832118988037,0.7797270955165692,0.794619617537646,10189,0.9472852676498378,0.34878307602779585,29213,226.2001965394411,0.9999977350234985,0.7001627087593079,0.9750985503196716,0.5874439461883408,0.7227778960062424
104,tumor_107.tif,1,0.016201971509170562,0.013503308127893148,0.011690073686981231,0.010188978786914119,0.0088298281372091,0.005563490035306909,0.004087201935915444,0.002832216566702773,0.0017396580239047727,0.0007878101372591426,19576,0.6523771503388648,0.7323058506658686,26732,186.53029198817393,0.9999997615814209,0.700573742389679,0.989700973033905,1.0061349693251533,0.9114442685538691,3446,0.7124454756223783,0.5152511961722488,6688,91.61011695263986,0.9999872446060181,0.7015936970710754,0.9680677652359009,0.8636363636363636,0.758362676056338
105,tumor_108.tif,1,0.033079275096438376,0.0298402209605291,0.027335576558012283,0.02513802787510977,0.022742124803283106,0.013039825751581705,0.009902306333486939,0.007048155244769432,0.0044248824951672126,0.0020254689506113803,73449,0.778304342730982,0.5179321919160579,141812,401.7625863792906,0.9999985694885254,0.7002586126327515,0.9784810543060303,0.6053719008264463,0.795729329173167,64045,0.970076519667976,0.22527893855613243,284292,682.1631237429568,0.9999983310699463,0.7000611424446106,0.9617223143577576,1.249475890985325,0.5794983622577318
106,tumor_109.tif,1,0.1503029131550489,0.14663225045786957,0.1434717944634385,0.14046064376590983,0.13680378779511074,0.07059080687953856,0.055749223211097786,0.04124743953456562,0.0270494866185529,0.013173653860232261,298066,0.7532956080596362,0.513796164619694,580125,859.4157753100177,0.9999996423721313,0.7000536322593689,0.9925899505615234,1.3197586726998491,0.7310592124949107,74975,0.8702436322619532,0.4495011870788268,166796,560.3599519464891,0.9999994039535522,0.7001374959945679,0.9884166717529297,1.608695652173913,0.596991750804217
107,tumor_110.tif,1,0.5789080989636891,0.574154556818505,0.5693695542776316,0.5641926019162266,0.557094779456444,0.2821714830609124,0.2245202220966554,0.1673428075834116,0.1106587648868463,0.054565403140242066,2178539,0.9040771224466534,0.5462412455030244,3988236,2703.734281830029,0.9999996423721313,0.7000164985656738,0.9958570003509521,0.690099833610649,0.7876109586049792,817356,0.8816860723285923,0.5044753457885089,1620210,1573.4096324166405,0.9999990463256836,0.7000141739845276,0.9942445755004883,0.6408805031446541,0.8314947364994364
108,tumor_111.tif,1,0.0254285462758634,0.02089886147529422,0.01741020892316161,0.014297257415104818,0.011144706755189861,0.007901101440386422,0.005593366137767086,0.003681502185848638,0.002099034055291052,0.0008222308268106548,35161,0.8139710111328311,0.4140680201611004,84916,319.1048940094975,0.999913215637207,0.7000268697738647,0.9562019109725952,1.0528169014084507,0.6811639125128344,1252,0.625106276017626,0.34226353198469106,3658,65.42656988441102,0.9924801588058472,0.7000823616981506,0.8595212697982788,1.0508474576271187,0.4696174043510878
